LOCATION,INDICATOR,SUBJECT,MEASURE,FREQUENCY,TIME,Value,Flag Codes
AUS,HOUSECOST,REAL,IDX2015,A,2000,48.70129302,
AUS,HOUSECOST,REAL,IDX2015,A,2001,52.38500535,
AUS,HOUSECOST,REAL,IDX2015,A,2002,60.45234079,
AUS,HOUSECOST,REAL,IDX2015,A,2003,69.75243798,
AUS,HOUSECOST,REAL,IDX2015,A,2004,73.02463598,
AUS,HOUSECOST,REAL,IDX2015,A,2005,72.78873621,
AUS,HOUSECOST,REAL,IDX2015,A,2006,75.10040091,
AUS,HOUSECOST,REAL,IDX2015,A,2007,80.49134879,
AUS,HOUSECOST,REAL,IDX2015,A,2008,81.12349215,
AUS,HOUSECOST,REAL,IDX2015,A,2009,82.24818694,
AUS,HOUSECOST,REAL,IDX2015,A,2010,89.88568654,
AUS,HOUSECOST,REAL,IDX2015,A,2011,85.8954616,
AUS,HOUSECOST,REAL,IDX2015,A,2012,83.60087505,
AUS,HOUSECOST,REAL,IDX2015,A,2013,87.02693309,
AUS,HOUSECOST,REAL,IDX2015,A,2014,93.09164656,
AUS,HOUSECOST,REAL,IDX2015,A,2015,100,
AUS,HOUSECOST,REAL,IDX2015,A,2016,104.5168735,
AUS,HOUSECOST,REAL,IDX2015,A,2017,111.8042829,
AUS,HOUSECOST,REAL,IDX2015,A,2018,108.4180465,
AUS,HOUSECOST,REAL,IDX2015,A,2019,102.1740785,
AUT,HOUSECOST,REAL,IDX2015,A,2000,78.14842006,
AUT,HOUSECOST,REAL,IDX2015,A,2001,77.00667172,
AUT,HOUSECOST,REAL,IDX2015,A,2002,76.5988195,
AUT,HOUSECOST,REAL,IDX2015,A,2003,75.65275578,
AUT,HOUSECOST,REAL,IDX2015,A,2004,72.91806334,
AUT,HOUSECOST,REAL,IDX2015,A,2005,74.75615587,
AUT,HOUSECOST,REAL,IDX2015,A,2006,76.25125954,
AUT,HOUSECOST,REAL,IDX2015,A,2007,77.88766746,
AUT,HOUSECOST,REAL,IDX2015,A,2008,77.09909124,
AUT,HOUSECOST,REAL,IDX2015,A,2009,79.72982935,
AUT,HOUSECOST,REAL,IDX2015,A,2010,85.74464768,
AUT,HOUSECOST,REAL,IDX2015,A,2011,88.37565619,
AUT,HOUSECOST,REAL,IDX2015,A,2012,92.59043172,
AUT,HOUSECOST,REAL,IDX2015,A,2013,95.37375356,
AUT,HOUSECOST,REAL,IDX2015,A,2014,96.7685684,
AUT,HOUSECOST,REAL,IDX2015,A,2015,100,
AUT,HOUSECOST,REAL,IDX2015,A,2016,107.0430215,
AUT,HOUSECOST,REAL,IDX2015,A,2017,110.5003403,
AUT,HOUSECOST,REAL,IDX2015,A,2018,113.3200609,
AUT,HOUSECOST,REAL,IDX2015,A,2019,117.931527,
BEL,HOUSECOST,REAL,IDX2015,A,2000,65.71780226,
BEL,HOUSECOST,REAL,IDX2015,A,2001,67.32971125,
BEL,HOUSECOST,REAL,IDX2015,A,2002,70.90156651,
BEL,HOUSECOST,REAL,IDX2015,A,2003,74.67232391,
BEL,HOUSECOST,REAL,IDX2015,A,2004,79.17410327,
BEL,HOUSECOST,REAL,IDX2015,A,2005,85.96644112,
BEL,HOUSECOST,REAL,IDX2015,A,2006,91.82382091,
BEL,HOUSECOST,REAL,IDX2015,A,2007,96.40081035,
BEL,HOUSECOST,REAL,IDX2015,A,2008,97.56265945,
BEL,HOUSECOST,REAL,IDX2015,A,2009,97.90443161,
BEL,HOUSECOST,REAL,IDX2015,A,2010,99.10963831,
BEL,HOUSECOST,REAL,IDX2015,A,2011,100.237315,
BEL,HOUSECOST,REAL,IDX2015,A,2012,100.4530082,
BEL,HOUSECOST,REAL,IDX2015,A,2013,100.5615915,
BEL,HOUSECOST,REAL,IDX2015,A,2014,99.26255895,
BEL,HOUSECOST,REAL,IDX2015,A,2015,100,
BEL,HOUSECOST,REAL,IDX2015,A,2016,101.1920248,
BEL,HOUSECOST,REAL,IDX2015,A,2017,102.8629676,
BEL,HOUSECOST,REAL,IDX2015,A,2018,103.8669277,
BEL,HOUSECOST,REAL,IDX2015,A,2019,106.5317887,
CAN,HOUSECOST,REAL,IDX2015,A,2000,50.01227326,
CAN,HOUSECOST,REAL,IDX2015,A,2001,51.30431408,
CAN,HOUSECOST,REAL,IDX2015,A,2002,54.37360303,
CAN,HOUSECOST,REAL,IDX2015,A,2003,57.93012037,
CAN,HOUSECOST,REAL,IDX2015,A,2004,61.74931349,
CAN,HOUSECOST,REAL,IDX2015,A,2005,65.61204735,
CAN,HOUSECOST,REAL,IDX2015,A,2006,72.38456105,
CAN,HOUSECOST,REAL,IDX2015,A,2007,79.52841519,
CAN,HOUSECOST,REAL,IDX2015,A,2008,82.64878839,
CAN,HOUSECOST,REAL,IDX2015,A,2009,80.20835672,
CAN,HOUSECOST,REAL,IDX2015,A,2010,86.207828,
CAN,HOUSECOST,REAL,IDX2015,A,2011,88.61098446,
CAN,HOUSECOST,REAL,IDX2015,A,2012,91.69544797,
CAN,HOUSECOST,REAL,IDX2015,A,2013,92.8169076,
CAN,HOUSECOST,REAL,IDX2015,A,2014,95.86439264,
CAN,HOUSECOST,REAL,IDX2015,A,2015,100,
CAN,HOUSECOST,REAL,IDX2015,A,2016,109.037853,
CAN,HOUSECOST,REAL,IDX2015,A,2017,120.9087382,
CAN,HOUSECOST,REAL,IDX2015,A,2018,123.6930858,
CAN,HOUSECOST,REAL,IDX2015,A,2019,123.06919,
CZE,HOUSECOST,REAL,IDX2015,A,2008,107.8455697,
CZE,HOUSECOST,REAL,IDX2015,A,2009,102.8034842,
CZE,HOUSECOST,REAL,IDX2015,A,2010,100.5371275,
CZE,HOUSECOST,REAL,IDX2015,A,2011,98.8447774,
CZE,HOUSECOST,REAL,IDX2015,A,2012,95.29315823,
CZE,HOUSECOST,REAL,IDX2015,A,2013,94.517759,
CZE,HOUSECOST,REAL,IDX2015,A,2014,96.26146655,
CZE,HOUSECOST,REAL,IDX2015,A,2015,100,
CZE,HOUSECOST,REAL,IDX2015,A,2016,106.5575219,
CZE,HOUSECOST,REAL,IDX2015,A,2017,116.2951767,
CZE,HOUSECOST,REAL,IDX2015,A,2018,123.4680671,
CZE,HOUSECOST,REAL,IDX2015,A,2019,130.9036098,
DNK,HOUSECOST,REAL,IDX2015,A,2000,72.92618066,
DNK,HOUSECOST,REAL,IDX2015,A,2001,75.42332754,
DNK,HOUSECOST,REAL,IDX2015,A,2002,76.72742307,
DNK,HOUSECOST,REAL,IDX2015,A,2003,78.21978948,
DNK,HOUSECOST,REAL,IDX2015,A,2004,84.20728794,
DNK,HOUSECOST,REAL,IDX2015,A,2005,98.15349636,
DNK,HOUSECOST,REAL,IDX2015,A,2006,119.1930609,
DNK,HOUSECOST,REAL,IDX2015,A,2007,120.3224848,
DNK,HOUSECOST,REAL,IDX2015,A,2008,110.9162841,
DNK,HOUSECOST,REAL,IDX2015,A,2009,96.38654874,
DNK,HOUSECOST,REAL,IDX2015,A,2010,96.69546076,
DNK,HOUSECOST,REAL,IDX2015,A,2011,92.87825419,
DNK,HOUSECOST,REAL,IDX2015,A,2012,88.28456311,
DNK,HOUSECOST,REAL,IDX2015,A,2013,90.98505375,
DNK,HOUSECOST,REAL,IDX2015,A,2014,93.85079613,
DNK,HOUSECOST,REAL,IDX2015,A,2015,100,
DNK,HOUSECOST,REAL,IDX2015,A,2016,105.088275,
DNK,HOUSECOST,REAL,IDX2015,A,2017,108.4993156,
DNK,HOUSECOST,REAL,IDX2015,A,2018,112.2937179,
DNK,HOUSECOST,REAL,IDX2015,A,2019,113.6365167,
FIN,HOUSECOST,REAL,IDX2015,A,2000,76.80651354,
FIN,HOUSECOST,REAL,IDX2015,A,2001,73.71835103,
FIN,HOUSECOST,REAL,IDX2015,A,2002,76.87980838,
FIN,HOUSECOST,REAL,IDX2015,A,2003,80.94930415,
FIN,HOUSECOST,REAL,IDX2015,A,2004,87.30744965,
FIN,HOUSECOST,REAL,IDX2015,A,2005,93.23079165,
FIN,HOUSECOST,REAL,IDX2015,A,2006,98.35372541,
FIN,HOUSECOST,REAL,IDX2015,A,2007,102.185977,
FIN,HOUSECOST,REAL,IDX2015,A,2008,99.62351261,
FIN,HOUSECOST,REAL,IDX2015,A,2009,99.17221864,
FIN,HOUSECOST,REAL,IDX2015,A,2010,103.9482286,
FIN,HOUSECOST,REAL,IDX2015,A,2011,103.8112162,
FIN,HOUSECOST,REAL,IDX2015,A,2012,103.3876113,
FIN,HOUSECOST,REAL,IDX2015,A,2013,102.1107468,
FIN,HOUSECOST,REAL,IDX2015,A,2014,100.4591537,
FIN,HOUSECOST,REAL,IDX2015,A,2015,100,
FIN,HOUSECOST,REAL,IDX2015,A,2016,100.194465,
FIN,HOUSECOST,REAL,IDX2015,A,2017,101.0407274,
FIN,HOUSECOST,REAL,IDX2015,A,2018,100.7438571,
FIN,HOUSECOST,REAL,IDX2015,A,2019,100.7812881,
FRA,HOUSECOST,REAL,IDX2015,A,2000,59.53965326,
FRA,HOUSECOST,REAL,IDX2015,A,2001,62.99794097,
FRA,HOUSECOST,REAL,IDX2015,A,2002,67.86365439,
FRA,HOUSECOST,REAL,IDX2015,A,2003,74.6614666,
FRA,HOUSECOST,REAL,IDX2015,A,2004,84.08245067,
FRA,HOUSECOST,REAL,IDX2015,A,2005,95.33495617,
FRA,HOUSECOST,REAL,IDX2015,A,2006,104.5578628,
FRA,HOUSECOST,REAL,IDX2015,A,2007,109.0786936,
FRA,HOUSECOST,REAL,IDX2015,A,2008,107.1413115,
FRA,HOUSECOST,REAL,IDX2015,A,2009,101.0144022,
FRA,HOUSECOST,REAL,IDX2015,A,2010,105.0128454,
FRA,HOUSECOST,REAL,IDX2015,A,2011,109.2492574,
FRA,HOUSECOST,REAL,IDX2015,A,2012,107.138438,
FRA,HOUSECOST,REAL,IDX2015,A,2013,104.2143221,
FRA,HOUSECOST,REAL,IDX2015,A,2014,102.2111619,
FRA,HOUSECOST,REAL,IDX2015,A,2015,100,
FRA,HOUSECOST,REAL,IDX2015,A,2016,100.6880182,
FRA,HOUSECOST,REAL,IDX2015,A,2017,102.8538301,
FRA,HOUSECOST,REAL,IDX2015,A,2018,104.5067342,
FRA,HOUSECOST,REAL,IDX2015,A,2019,106.7140218,
DEU,HOUSECOST,REAL,IDX2015,A,2000,102.7188798,
DEU,HOUSECOST,REAL,IDX2015,A,2001,100.6837345,
DEU,HOUSECOST,REAL,IDX2015,A,2002,98.10383665,
DEU,HOUSECOST,REAL,IDX2015,A,2003,97.04918433,
DEU,HOUSECOST,REAL,IDX2015,A,2004,94.49676991,
DEU,HOUSECOST,REAL,IDX2015,A,2005,94.64813343,
DEU,HOUSECOST,REAL,IDX2015,A,2006,93.07414207,
DEU,HOUSECOST,REAL,IDX2015,A,2007,89.41253637,
DEU,HOUSECOST,REAL,IDX2015,A,2008,88.88375869,
DEU,HOUSECOST,REAL,IDX2015,A,2009,89.54519983,
DEU,HOUSECOST,REAL,IDX2015,A,2010,88.99729648,
DEU,HOUSECOST,REAL,IDX2015,A,2011,90.49923356,
DEU,HOUSECOST,REAL,IDX2015,A,2012,92.32395161,
DEU,HOUSECOST,REAL,IDX2015,A,2013,93.92498203,
DEU,HOUSECOST,REAL,IDX2015,A,2014,96.00020557,
DEU,HOUSECOST,REAL,IDX2015,A,2015,100,
DEU,HOUSECOST,REAL,IDX2015,A,2016,106.788772,
DEU,HOUSECOST,REAL,IDX2015,A,2017,111.6563084,
DEU,HOUSECOST,REAL,IDX2015,A,2018,117.3565276,
DEU,HOUSECOST,REAL,IDX2015,A,2019,121.9372266,
GRC,HOUSECOST,REAL,IDX2015,A,2000,113.52473,
GRC,HOUSECOST,REAL,IDX2015,A,2001,127.8535344,
GRC,HOUSECOST,REAL,IDX2015,A,2002,142.4247102,
GRC,HOUSECOST,REAL,IDX2015,A,2003,146.4413513,
GRC,HOUSECOST,REAL,IDX2015,A,2004,145.0226098,
GRC,HOUSECOST,REAL,IDX2015,A,2005,156.1691046,
GRC,HOUSECOST,REAL,IDX2015,A,2006,170.923063,
GRC,HOUSECOST,REAL,IDX2015,A,2007,175.1747948,
GRC,HOUSECOST,REAL,IDX2015,A,2008,170.3276628,
GRC,HOUSECOST,REAL,IDX2015,A,2009,161.466529,
GRC,HOUSECOST,REAL,IDX2015,A,2010,148.9669461,
GRC,HOUSECOST,REAL,IDX2015,A,2011,137.6824467,
GRC,HOUSECOST,REAL,IDX2015,A,2012,120.9460822,
GRC,HOUSECOST,REAL,IDX2015,A,2013,109.7242662,
GRC,HOUSECOST,REAL,IDX2015,A,2014,103.5694068,
GRC,HOUSECOST,REAL,IDX2015,A,2015,100,
GRC,HOUSECOST,REAL,IDX2015,A,2016,98.35866229,
GRC,HOUSECOST,REAL,IDX2015,A,2017,96.74133364,
GRC,HOUSECOST,REAL,IDX2015,A,2018,98.17894886,
GRC,HOUSECOST,REAL,IDX2015,A,2019,104.8495535,
HUN,HOUSECOST,REAL,IDX2015,A,2007,128.795934,
HUN,HOUSECOST,REAL,IDX2015,A,2008,124.6901546,
HUN,HOUSECOST,REAL,IDX2015,A,2009,113.3839865,
HUN,HOUSECOST,REAL,IDX2015,A,2010,106.5501219,
HUN,HOUSECOST,REAL,IDX2015,A,2011,99.06581665,
HUN,HOUSECOST,REAL,IDX2015,A,2012,89.73611458,
HUN,HOUSECOST,REAL,IDX2015,A,2013,85.69493476,
HUN,HOUSECOST,REAL,IDX2015,A,2014,88.32531036,
HUN,HOUSECOST,REAL,IDX2015,A,2015,100,
HUN,HOUSECOST,REAL,IDX2015,A,2016,113.1055548,
HUN,HOUSECOST,REAL,IDX2015,A,2017,123.5842518,
HUN,HOUSECOST,REAL,IDX2015,A,2018,137.0754503,
HUN,HOUSECOST,REAL,IDX2015,A,2019,151.9200792,
ISL,HOUSECOST,REAL,IDX2015,A,2005,109.5194917,
ISL,HOUSECOST,REAL,IDX2015,A,2006,119.320608,
ISL,HOUSECOST,REAL,IDX2015,A,2007,124.5273892,
ISL,HOUSECOST,REAL,IDX2015,A,2008,115.5979889,
ISL,HOUSECOST,REAL,IDX2015,A,2009,90.33237798,
ISL,HOUSECOST,REAL,IDX2015,A,2010,84.2456523,
ISL,HOUSECOST,REAL,IDX2015,A,2011,84.98334751,
ISL,HOUSECOST,REAL,IDX2015,A,2012,85.80281531,
ISL,HOUSECOST,REAL,IDX2015,A,2013,87.50505565,
ISL,HOUSECOST,REAL,IDX2015,A,2014,92.67831116,
ISL,HOUSECOST,REAL,IDX2015,A,2015,100,
ISL,HOUSECOST,REAL,IDX2015,A,2016,109.1555185,
ISL,HOUSECOST,REAL,IDX2015,A,2017,132.2315226,
ISL,HOUSECOST,REAL,IDX2015,A,2018,138.9316541,
ISL,HOUSECOST,REAL,IDX2015,A,2019,139.0636355,
IRL,HOUSECOST,REAL,IDX2015,A,2000,96.77927413,
IRL,HOUSECOST,REAL,IDX2015,A,2001,104.6146523,
IRL,HOUSECOST,REAL,IDX2015,A,2002,106.3870994,
IRL,HOUSECOST,REAL,IDX2015,A,2003,116.8821969,
IRL,HOUSECOST,REAL,IDX2015,A,2004,127.2125742,
IRL,HOUSECOST,REAL,IDX2015,A,2005,136.5577161,
IRL,HOUSECOST,REAL,IDX2015,A,2006,152.9927768,
IRL,HOUSECOST,REAL,IDX2015,A,2007,159.5661883,
IRL,HOUSECOST,REAL,IDX2015,A,2008,145.6831726,
IRL,HOUSECOST,REAL,IDX2015,A,2009,126.1535125,
IRL,HOUSECOST,REAL,IDX2015,A,2010,111.5768412,
IRL,HOUSECOST,REAL,IDX2015,A,2011,91.64963436,
IRL,HOUSECOST,REAL,IDX2015,A,2012,78.00187807,
IRL,HOUSECOST,REAL,IDX2015,A,2013,78.16507534,
IRL,HOUSECOST,REAL,IDX2015,A,2014,90.23039572,
IRL,HOUSECOST,REAL,IDX2015,A,2015,100,
IRL,HOUSECOST,REAL,IDX2015,A,2016,106.9243055,
IRL,HOUSECOST,REAL,IDX2015,A,2017,117.6309802,
IRL,HOUSECOST,REAL,IDX2015,A,2018,127.4321415,
IRL,HOUSECOST,REAL,IDX2015,A,2019,127.5672728,
ITA,HOUSECOST,REAL,IDX2015,A,2000,93.38482134,
ITA,HOUSECOST,REAL,IDX2015,A,2001,98.5224906,
ITA,HOUSECOST,REAL,IDX2015,A,2002,104.8769957,
ITA,HOUSECOST,REAL,IDX2015,A,2003,112.22764,
ITA,HOUSECOST,REAL,IDX2015,A,2004,120.4459823,
ITA,HOUSECOST,REAL,IDX2015,A,2005,126.9983722,
ITA,HOUSECOST,REAL,IDX2015,A,2006,131.6336582,
ITA,HOUSECOST,REAL,IDX2015,A,2007,135.3885842,
ITA,HOUSECOST,REAL,IDX2015,A,2008,133.4096765,
ITA,HOUSECOST,REAL,IDX2015,A,2009,129.2391941,
ITA,HOUSECOST,REAL,IDX2015,A,2010,126.6322788,
ITA,HOUSECOST,REAL,IDX2015,A,2011,124.7059436,
ITA,HOUSECOST,REAL,IDX2015,A,2012,118.4261772,
ITA,HOUSECOST,REAL,IDX2015,A,2013,109.5365783,
ITA,HOUSECOST,REAL,IDX2015,A,2014,104.1095453,
ITA,HOUSECOST,REAL,IDX2015,A,2015,100,
ITA,HOUSECOST,REAL,IDX2015,A,2016,100.142064,
ITA,HOUSECOST,REAL,IDX2015,A,2017,98.01882302,
ITA,HOUSECOST,REAL,IDX2015,A,2018,96.59200605,
ITA,HOUSECOST,REAL,IDX2015,A,2019,96.01867786,
JPN,HOUSECOST,REAL,IDX2015,A,2000,126.9916728,
JPN,HOUSECOST,REAL,IDX2015,A,2001,122.6940979,
JPN,HOUSECOST,REAL,IDX2015,A,2002,117.79446,
JPN,HOUSECOST,REAL,IDX2015,A,2003,111.6654106,
JPN,HOUSECOST,REAL,IDX2015,A,2004,105.4535581,
JPN,HOUSECOST,REAL,IDX2015,A,2005,100.7649736,
JPN,HOUSECOST,REAL,IDX2015,A,2006,97.8026891,
JPN,HOUSECOST,REAL,IDX2015,A,2007,97.2085932,
JPN,HOUSECOST,REAL,IDX2015,A,2008,97.21689117,
JPN,HOUSECOST,REAL,IDX2015,A,2009,93.67171925,
JPN,HOUSECOST,REAL,IDX2015,A,2010,96.41490215,
JPN,HOUSECOST,REAL,IDX2015,A,2011,97.02157526,
JPN,HOUSECOST,REAL,IDX2015,A,2012,96.76657581,
JPN,HOUSECOST,REAL,IDX2015,A,2013,98.49866701,
JPN,HOUSECOST,REAL,IDX2015,A,2014,98.03779473,
JPN,HOUSECOST,REAL,IDX2015,A,2015,100,
JPN,HOUSECOST,REAL,IDX2015,A,2016,102.7624244,
JPN,HOUSECOST,REAL,IDX2015,A,2017,105.2173687,
JPN,HOUSECOST,REAL,IDX2015,A,2018,106.6314104,
JPN,HOUSECOST,REAL,IDX2015,A,2019,108.0796093,
KOR,HOUSECOST,REAL,IDX2015,A,2000,75.40327848,
KOR,HOUSECOST,REAL,IDX2015,A,2001,75.16293825,
KOR,HOUSECOST,REAL,IDX2015,A,2002,84.99647023,
KOR,HOUSECOST,REAL,IDX2015,A,2003,89.78056647,
KOR,HOUSECOST,REAL,IDX2015,A,2004,87.67929437,
KOR,HOUSECOST,REAL,IDX2015,A,2005,86.75286194,
KOR,HOUSECOST,REAL,IDX2015,A,2006,91.19645331,
KOR,HOUSECOST,REAL,IDX2015,A,2007,98.50453453,
KOR,HOUSECOST,REAL,IDX2015,A,2008,101.0658792,
KOR,HOUSECOST,REAL,IDX2015,A,2009,99.51638313,
KOR,HOUSECOST,REAL,IDX2015,A,2010,99.12886023,
KOR,HOUSECOST,REAL,IDX2015,A,2011,100.3957323,
KOR,HOUSECOST,REAL,IDX2015,A,2012,99.51797752,
KOR,HOUSECOST,REAL,IDX2015,A,2013,97.54094898,
KOR,HOUSECOST,REAL,IDX2015,A,2014,98.13705016,
KOR,HOUSECOST,REAL,IDX2015,A,2015,100,
KOR,HOUSECOST,REAL,IDX2015,A,2016,100.5144112,
KOR,HOUSECOST,REAL,IDX2015,A,2017,100.0063823,
KOR,HOUSECOST,REAL,IDX2015,A,2018,100.1489346,
KOR,HOUSECOST,REAL,IDX2015,A,2019,99.41152206,
LUX,HOUSECOST,REAL,IDX2015,A,2007,83.07010849,
LUX,HOUSECOST,REAL,IDX2015,A,2008,83.24752769,
LUX,HOUSECOST,REAL,IDX2015,A,2009,82.70748545,
LUX,HOUSECOST,REAL,IDX2015,A,2010,86.12987375,
LUX,HOUSECOST,REAL,IDX2015,A,2011,86.68185146,
LUX,HOUSECOST,REAL,IDX2015,A,2012,88.5377775,
LUX,HOUSECOST,REAL,IDX2015,A,2013,91.43860235,
LUX,HOUSECOST,REAL,IDX2015,A,2014,94.98020772,
LUX,HOUSECOST,REAL,IDX2015,A,2015,100,
LUX,HOUSECOST,REAL,IDX2015,A,2016,105.672777,
LUX,HOUSECOST,REAL,IDX2015,A,2017,109.6002653,
LUX,HOUSECOST,REAL,IDX2015,A,2018,114.8816576,
LUX,HOUSECOST,REAL,IDX2015,A,2019,124.1870523,
MEX,HOUSECOST,REAL,IDX2015,A,2005,91.35584072,
MEX,HOUSECOST,REAL,IDX2015,A,2006,93.18070082,
MEX,HOUSECOST,REAL,IDX2015,A,2007,95.19136243,
MEX,HOUSECOST,REAL,IDX2015,A,2008,95.72008079,
MEX,HOUSECOST,REAL,IDX2015,A,2009,97.55741086,
MEX,HOUSECOST,REAL,IDX2015,A,2010,95.36602614,
MEX,HOUSECOST,REAL,IDX2015,A,2011,95.83191408,
MEX,HOUSECOST,REAL,IDX2015,A,2012,93.94097946,
MEX,HOUSECOST,REAL,IDX2015,A,2013,95.07218157,
MEX,HOUSECOST,REAL,IDX2015,A,2014,95.14411931,
MEX,HOUSECOST,REAL,IDX2015,A,2015,100,
MEX,HOUSECOST,REAL,IDX2015,A,2016,102.6785459,
MEX,HOUSECOST,REAL,IDX2015,A,2017,105.3463203,
MEX,HOUSECOST,REAL,IDX2015,A,2018,110.2795324,
MEX,HOUSECOST,REAL,IDX2015,A,2019,115.662941,
NLD,HOUSECOST,REAL,IDX2015,A,2000,103.1620326,
NLD,HOUSECOST,REAL,IDX2015,A,2001,111.0387192,
NLD,HOUSECOST,REAL,IDX2015,A,2002,114.2975185,
NLD,HOUSECOST,REAL,IDX2015,A,2003,115.7229869,
NLD,HOUSECOST,REAL,IDX2015,A,2004,119.0624956,
NLD,HOUSECOST,REAL,IDX2015,A,2005,121.396199,
NLD,HOUSECOST,REAL,IDX2015,A,2006,123.2187894,
NLD,HOUSECOST,REAL,IDX2015,A,2007,126.5883879,
NLD,HOUSECOST,REAL,IDX2015,A,2008,126.7318368,
NLD,HOUSECOST,REAL,IDX2015,A,2009,122.9231058,
NLD,HOUSECOST,REAL,IDX2015,A,2010,118.8503262,
NLD,HOUSECOST,REAL,IDX2015,A,2011,114.080529,
NLD,HOUSECOST,REAL,IDX2015,A,2012,105.0712755,
NLD,HOUSECOST,REAL,IDX2015,A,2013,96.74942669,
NLD,HOUSECOST,REAL,IDX2015,A,2014,96.69006416,
NLD,HOUSECOST,REAL,IDX2015,A,2015,100,
NLD,HOUSECOST,REAL,IDX2015,A,2016,104.4178682,
NLD,HOUSECOST,REAL,IDX2015,A,2017,110.7736788,
NLD,HOUSECOST,REAL,IDX2015,A,2018,118.8682681,
NLD,HOUSECOST,REAL,IDX2015,A,2019,124.4229064,
NZL,HOUSECOST,REAL,IDX2015,A,2000,44.48894405,
NZL,HOUSECOST,REAL,IDX2015,A,2001,44.34494966,
NZL,HOUSECOST,REAL,IDX2015,A,2002,47.90455914,
NZL,HOUSECOST,REAL,IDX2015,A,2003,57.00572847,
NZL,HOUSECOST,REAL,IDX2015,A,2004,66.36430646,
NZL,HOUSECOST,REAL,IDX2015,A,2005,73.91650589,
NZL,HOUSECOST,REAL,IDX2015,A,2006,79.35227318,
NZL,HOUSECOST,REAL,IDX2015,A,2007,86.60909163,
NZL,HOUSECOST,REAL,IDX2015,A,2008,79.82381333,
NZL,HOUSECOST,REAL,IDX2015,A,2009,76.49338259,
NZL,HOUSECOST,REAL,IDX2015,A,2010,77.04247949,
NZL,HOUSECOST,REAL,IDX2015,A,2011,75.78257561,
NZL,HOUSECOST,REAL,IDX2015,A,2012,78.72940741,
NZL,HOUSECOST,REAL,IDX2015,A,2013,85.33328405,
NZL,HOUSECOST,REAL,IDX2015,A,2014,90.11901472,
NZL,HOUSECOST,REAL,IDX2015,A,2015,100,
NZL,HOUSECOST,REAL,IDX2015,A,2016,112.8628617,
NZL,HOUSECOST,REAL,IDX2015,A,2017,118.623092,
NZL,HOUSECOST,REAL,IDX2015,A,2018,121.3161713,
NOR,HOUSECOST,REAL,IDX2015,A,2000,53.44315022,
NOR,HOUSECOST,REAL,IDX2015,A,2001,55.90245595,
NOR,HOUSECOST,REAL,IDX2015,A,2002,57.89634673,
NOR,HOUSECOST,REAL,IDX2015,A,2003,57.22850112,
NOR,HOUSECOST,REAL,IDX2015,A,2004,62.31124847,
NOR,HOUSECOST,REAL,IDX2015,A,2005,66.69225003,
NOR,HOUSECOST,REAL,IDX2015,A,2006,74.45958349,
NOR,HOUSECOST,REAL,IDX2015,A,2007,82.77637748,
NOR,HOUSECOST,REAL,IDX2015,A,2008,79.16650909,
NOR,HOUSECOST,REAL,IDX2015,A,2009,78.69336212,
NOR,HOUSECOST,REAL,IDX2015,A,2010,83.42839373,
NOR,HOUSECOST,REAL,IDX2015,A,2011,89.12083033,
NOR,HOUSECOST,REAL,IDX2015,A,2012,94.17873768,
NOR,HOUSECOST,REAL,IDX2015,A,2013,96.01944578,
NOR,HOUSECOST,REAL,IDX2015,A,2014,96.4474708,
NOR,HOUSECOST,REAL,IDX2015,A,2015,100,
NOR,HOUSECOST,REAL,IDX2015,A,2016,103.8261069,
NOR,HOUSECOST,REAL,IDX2015,A,2017,106.8953976,
NOR,HOUSECOST,REAL,IDX2015,A,2018,106.0772253,
NOR,HOUSECOST,REAL,IDX2015,A,2019,106.3331978,
POL,HOUSECOST,REAL,IDX2015,A,2010,113.5281429,
POL,HOUSECOST,REAL,IDX2015,A,2011,108.2896173,
POL,HOUSECOST,REAL,IDX2015,A,2012,101.1368482,
POL,HOUSECOST,REAL,IDX2015,A,2013,96.31555367,
POL,HOUSECOST,REAL,IDX2015,A,2014,97.38513532,
POL,HOUSECOST,REAL,IDX2015,A,2015,100,
POL,HOUSECOST,REAL,IDX2015,A,2016,102.2833398,
POL,HOUSECOST,REAL,IDX2015,A,2017,104.1212248,
POL,HOUSECOST,REAL,IDX2015,A,2018,109.2822095,
POL,HOUSECOST,REAL,IDX2015,A,2019,116.4871295,
PRT,HOUSECOST,REAL,IDX2015,A,2000,137.4190125,
PRT,HOUSECOST,REAL,IDX2015,A,2001,139.5528365,
PRT,HOUSECOST,REAL,IDX2015,A,2002,135.6993925,
PRT,HOUSECOST,REAL,IDX2015,A,2003,132.4211476,
PRT,HOUSECOST,REAL,IDX2015,A,2004,130.2252377,
PRT,HOUSECOST,REAL,IDX2015,A,2005,128.2541189,
PRT,HOUSECOST,REAL,IDX2015,A,2006,126.4919911,
PRT,HOUSECOST,REAL,IDX2015,A,2007,122.9271636,
PRT,HOUSECOST,REAL,IDX2015,A,2008,112.0325756,
PRT,HOUSECOST,REAL,IDX2015,A,2009,114.481582,
PRT,HOUSECOST,REAL,IDX2015,A,2010,113.282916,
PRT,HOUSECOST,REAL,IDX2015,A,2011,105.9155657,
PRT,HOUSECOST,REAL,IDX2015,A,2012,96.66915566,
PRT,HOUSECOST,REAL,IDX2015,A,2013,94.11819476,
PRT,HOUSECOST,REAL,IDX2015,A,2014,97.89533199,
PRT,HOUSECOST,REAL,IDX2015,A,2015,100,
PRT,HOUSECOST,REAL,IDX2015,A,2016,106.0613837,
PRT,HOUSECOST,REAL,IDX2015,A,2017,114.0728589,
PRT,HOUSECOST,REAL,IDX2015,A,2018,124.1710597,
PRT,HOUSECOST,REAL,IDX2015,A,2019,134.7944552,
SVK,HOUSECOST,REAL,IDX2015,A,2005,80.34353868,
SVK,HOUSECOST,REAL,IDX2015,A,2006,89.41208907,
SVK,HOUSECOST,REAL,IDX2015,A,2007,112.3698553,
SVK,HOUSECOST,REAL,IDX2015,A,2008,126.9225045,
SVK,HOUSECOST,REAL,IDX2015,A,2009,110.6299841,
SVK,HOUSECOST,REAL,IDX2015,A,2010,105.1625914,
SVK,HOUSECOST,REAL,IDX2015,A,2011,99.72884159,
SVK,HOUSECOST,REAL,IDX2015,A,2012,93.80258452,
SVK,HOUSECOST,REAL,IDX2015,A,2013,93.39444125,
SVK,HOUSECOST,REAL,IDX2015,A,2014,94.79719516,
SVK,HOUSECOST,REAL,IDX2015,A,2015,100,
SVK,HOUSECOST,REAL,IDX2015,A,2016,107.0407048,
SVK,HOUSECOST,REAL,IDX2015,A,2017,111.7714648,
SVK,HOUSECOST,REAL,IDX2015,A,2018,117.3105494,
SVK,HOUSECOST,REAL,IDX2015,A,2019,124.5832543,
ESP,HOUSECOST,REAL,IDX2015,A,2000,79.40494706,
ESP,HOUSECOST,REAL,IDX2015,A,2001,83.95295243,
ESP,HOUSECOST,REAL,IDX2015,A,2002,95.59021399,
ESP,HOUSECOST,REAL,IDX2015,A,2003,111.1129284,
ESP,HOUSECOST,REAL,IDX2015,A,2004,127.0232187,
ESP,HOUSECOST,REAL,IDX2015,A,2005,140.8844518,
ESP,HOUSECOST,REAL,IDX2015,A,2006,154.5919797,
ESP,HOUSECOST,REAL,IDX2015,A,2007,164.2459882,
ESP,HOUSECOST,REAL,IDX2015,A,2008,156.297585,
ESP,HOUSECOST,REAL,IDX2015,A,2009,147.3711107,
ESP,HOUSECOST,REAL,IDX2015,A,2010,141.9646869,
ESP,HOUSECOST,REAL,IDX2015,A,2011,128.1019405,
ESP,HOUSECOST,REAL,IDX2015,A,2012,106.9942715,
ESP,HOUSECOST,REAL,IDX2015,A,2013,96.27981807,
ESP,HOUSECOST,REAL,IDX2015,A,2014,96.45541909,
ESP,HOUSECOST,REAL,IDX2015,A,2015,100,
ESP,HOUSECOST,REAL,IDX2015,A,2016,104.4499411,
ESP,HOUSECOST,REAL,IDX2015,A,2017,109.1804217,
ESP,HOUSECOST,REAL,IDX2015,A,2018,114.8500546,
ESP,HOUSECOST,REAL,IDX2015,A,2019,119.324076,
SWE,HOUSECOST,REAL,IDX2015,A,2000,43.46730359,
SWE,HOUSECOST,REAL,IDX2015,A,2001,45.95539175,
SWE,HOUSECOST,REAL,IDX2015,A,2002,48.06124922,
SWE,HOUSECOST,REAL,IDX2015,A,2003,50.2668258,
SWE,HOUSECOST,REAL,IDX2015,A,2004,54.69806036,
SWE,HOUSECOST,REAL,IDX2015,A,2005,59.09682427,
SWE,HOUSECOST,REAL,IDX2015,A,2006,65.88502589,
SWE,HOUSECOST,REAL,IDX2015,A,2007,73.07937067,
SWE,HOUSECOST,REAL,IDX2015,A,2008,71.81930968,
SWE,HOUSECOST,REAL,IDX2015,A,2009,72.51876994,
SWE,HOUSECOST,REAL,IDX2015,A,2010,77.31270552,
SWE,HOUSECOST,REAL,IDX2015,A,2011,78.20807538,
SWE,HOUSECOST,REAL,IDX2015,A,2012,78.81053184,
SWE,HOUSECOST,REAL,IDX2015,A,2013,82.36268652,
SWE,HOUSECOST,REAL,IDX2015,A,2014,89.34919322,
SWE,HOUSECOST,REAL,IDX2015,A,2015,100,
SWE,HOUSECOST,REAL,IDX2015,A,2016,107.3181208,
SWE,HOUSECOST,REAL,IDX2015,A,2017,112.4353032,
SWE,HOUSECOST,REAL,IDX2015,A,2018,108.9740382,
SWE,HOUSECOST,REAL,IDX2015,A,2019,109.5678433,
CHE,HOUSECOST,REAL,IDX2015,A,2000,65.33312692,
CHE,HOUSECOST,REAL,IDX2015,A,2001,65.5491672,
CHE,HOUSECOST,REAL,IDX2015,A,2002,65.69482083,
CHE,HOUSECOST,REAL,IDX2015,A,2003,65.9692779,
CHE,HOUSECOST,REAL,IDX2015,A,2004,67.99975735,
CHE,HOUSECOST,REAL,IDX2015,A,2005,69.75102414,
CHE,HOUSECOST,REAL,IDX2015,A,2006,73.1828187,
CHE,HOUSECOST,REAL,IDX2015,A,2007,76.46576113,
CHE,HOUSECOST,REAL,IDX2015,A,2008,77.89413707,
CHE,HOUSECOST,REAL,IDX2015,A,2009,78.72751512,
CHE,HOUSECOST,REAL,IDX2015,A,2010,80.56518681,
CHE,HOUSECOST,REAL,IDX2015,A,2011,85.74256717,
CHE,HOUSECOST,REAL,IDX2015,A,2012,90.86526855,
CHE,HOUSECOST,REAL,IDX2015,A,2013,94.0890811,
CHE,HOUSECOST,REAL,IDX2015,A,2014,96.80693515,
CHE,HOUSECOST,REAL,IDX2015,A,2015,100,
CHE,HOUSECOST,REAL,IDX2015,A,2016,101.7603023,
CHE,HOUSECOST,REAL,IDX2015,A,2017,103.1136272,
CHE,HOUSECOST,REAL,IDX2015,A,2018,105.0405537,
CHE,HOUSECOST,REAL,IDX2015,A,2019,108.7402215,
TUR,HOUSECOST,REAL,IDX2015,A,2010,83.55365068,
TUR,HOUSECOST,REAL,IDX2015,A,2011,81.85281998,
TUR,HOUSECOST,REAL,IDX2015,A,2012,83.13228696,
TUR,HOUSECOST,REAL,IDX2015,A,2013,88.47775648,
TUR,HOUSECOST,REAL,IDX2015,A,2014,92.99230773,
TUR,HOUSECOST,REAL,IDX2015,A,2015,100,
TUR,HOUSECOST,REAL,IDX2015,A,2016,106.5796601,
TUR,HOUSECOST,REAL,IDX2015,A,2017,106.2095927,
TUR,HOUSECOST,REAL,IDX2015,A,2018,99.54137532,
TUR,HOUSECOST,REAL,IDX2015,A,2019,89.99005272,
GBR,HOUSECOST,REAL,IDX2015,A,2000,58.72900188,
GBR,HOUSECOST,REAL,IDX2015,A,2001,63.31184744,
GBR,HOUSECOST,REAL,IDX2015,A,2002,73.10568099,
GBR,HOUSECOST,REAL,IDX2015,A,2003,83.45846581,
GBR,HOUSECOST,REAL,IDX2015,A,2004,91.86332274,
GBR,HOUSECOST,REAL,IDX2015,A,2005,96.05231868,
GBR,HOUSECOST,REAL,IDX2015,A,2006,100.9331764,
GBR,HOUSECOST,REAL,IDX2015,A,2007,108.5010948,
GBR,HOUSECOST,REAL,IDX2015,A,2008,100.0049844,
GBR,HOUSECOST,REAL,IDX2015,A,2009,90.42488782,
GBR,HOUSECOST,REAL,IDX2015,A,2010,94.07358945,
GBR,HOUSECOST,REAL,IDX2015,A,2011,89.43198691,
GBR,HOUSECOST,REAL,IDX2015,A,2012,88.03430945,
GBR,HOUSECOST,REAL,IDX2015,A,2013,88.67427925,
GBR,HOUSECOST,REAL,IDX2015,A,2014,94.3353659,
GBR,HOUSECOST,REAL,IDX2015,A,2015,100,
GBR,HOUSECOST,REAL,IDX2015,A,2016,105.4908559,
GBR,HOUSECOST,REAL,IDX2015,A,2017,108.7158837,
GBR,HOUSECOST,REAL,IDX2015,A,2018,109.346619,
GBR,HOUSECOST,REAL,IDX2015,A,2019,109.3581879,
USA,HOUSECOST,REAL,IDX2015,A,2000,85.47985457,
USA,HOUSECOST,REAL,IDX2015,A,2001,89.67214884,
USA,HOUSECOST,REAL,IDX2015,A,2002,94.73780252,
USA,HOUSECOST,REAL,IDX2015,A,2003,100.0642405,
USA,HOUSECOST,REAL,IDX2015,A,2004,106.8503865,
USA,HOUSECOST,REAL,IDX2015,A,2005,114.7679213,
USA,HOUSECOST,REAL,IDX2015,A,2006,118.2994644,
USA,HOUSECOST,REAL,IDX2015,A,2007,115.3852679,
USA,HOUSECOST,REAL,IDX2015,A,2008,102.8844155,
USA,HOUSECOST,REAL,IDX2015,A,2009,96.84778014,
USA,HOUSECOST,REAL,IDX2015,A,2010,92.36831522,
USA,HOUSECOST,REAL,IDX2015,A,2011,86.28385475,
USA,HOUSECOST,REAL,IDX2015,A,2012,87.06475485,
USA,HOUSECOST,REAL,IDX2015,A,2013,91.94952396,
USA,HOUSECOST,REAL,IDX2015,A,2014,95.17909618,
USA,HOUSECOST,REAL,IDX2015,A,2015,100,
USA,HOUSECOST,REAL,IDX2015,A,2016,104.7430744,
USA,HOUSECOST,REAL,IDX2015,A,2017,109.5053226,
USA,HOUSECOST,REAL,IDX2015,A,2018,114.2460671,
USA,HOUSECOST,REAL,IDX2015,A,2019,118.5550118,
BRA,HOUSECOST,REAL,IDX2015,A,2008,57.78662126,
BRA,HOUSECOST,REAL,IDX2015,A,2009,64.35423209,
BRA,HOUSECOST,REAL,IDX2015,A,2010,75.0229469,
BRA,HOUSECOST,REAL,IDX2015,A,2011,89.87459508,
BRA,HOUSECOST,REAL,IDX2015,A,2012,98.10603117,
BRA,HOUSECOST,REAL,IDX2015,A,2013,102.5556452,
BRA,HOUSECOST,REAL,IDX2015,A,2014,104.753583,
BRA,HOUSECOST,REAL,IDX2015,A,2015,100,
BRA,HOUSECOST,REAL,IDX2015,A,2016,91.82373644,
BRA,HOUSECOST,REAL,IDX2015,A,2017,88.98280703,
BRA,HOUSECOST,REAL,IDX2015,A,2018,86.10132557,
BRA,HOUSECOST,REAL,IDX2015,A,2019,83.08564221,
CHL,HOUSECOST,REAL,IDX2015,A,2002,84.57725982,
CHL,HOUSECOST,REAL,IDX2015,A,2003,84.44341308,
CHL,HOUSECOST,REAL,IDX2015,A,2004,87.41481731,
CHL,HOUSECOST,REAL,IDX2015,A,2005,86.4165656,
CHL,HOUSECOST,REAL,IDX2015,A,2006,85.57124342,
CHL,HOUSECOST,REAL,IDX2015,A,2007,86.50661603,
CHL,HOUSECOST,REAL,IDX2015,A,2008,80.78791546,
CHL,HOUSECOST,REAL,IDX2015,A,2009,81.12897059,
CHL,HOUSECOST,REAL,IDX2015,A,2010,83.5290569,
CHL,HOUSECOST,REAL,IDX2015,A,2011,86.93781278,
CHL,HOUSECOST,REAL,IDX2015,A,2012,90.10958602,
CHL,HOUSECOST,REAL,IDX2015,A,2013,94.02692385,
CHL,HOUSECOST,REAL,IDX2015,A,2014,96.02610636,
CHL,HOUSECOST,REAL,IDX2015,A,2015,100,
CHL,HOUSECOST,REAL,IDX2015,A,2016,99.46261299,
CHL,HOUSECOST,REAL,IDX2015,A,2017,103.9803693,
CHL,HOUSECOST,REAL,IDX2015,A,2018,108.7661492,
CHN,HOUSECOST,REAL,IDX2015,A,2010,96.88412264,
CHN,HOUSECOST,REAL,IDX2015,A,2011,99.0063662,
CHN,HOUSECOST,REAL,IDX2015,A,2012,95.67500844,
CHN,HOUSECOST,REAL,IDX2015,A,2013,99.98092714,
CHN,HOUSECOST,REAL,IDX2015,A,2014,102.7037459,
CHN,HOUSECOST,REAL,IDX2015,A,2015,100,
CHN,HOUSECOST,REAL,IDX2015,A,2016,109.8781805,
CHN,HOUSECOST,REAL,IDX2015,A,2017,122.4896294,
CHN,HOUSECOST,REAL,IDX2015,A,2018,127.0655784,
CHN,HOUSECOST,REAL,IDX2015,A,2019,128.7656434,
COL,HOUSECOST,REAL,IDX2015,A,2000,56.86811603,
COL,HOUSECOST,REAL,IDX2015,A,2001,55.04452517,
COL,HOUSECOST,REAL,IDX2015,A,2002,52.20819385,
COL,HOUSECOST,REAL,IDX2015,A,2003,50.38627635,
COL,HOUSECOST,REAL,IDX2015,A,2004,52.1473565,
COL,HOUSECOST,REAL,IDX2015,A,2005,54.242709,
COL,HOUSECOST,REAL,IDX2015,A,2006,58.09412025,
COL,HOUSECOST,REAL,IDX2015,A,2007,64.92353845,
COL,HOUSECOST,REAL,IDX2015,A,2008,71.87793256,
COL,HOUSECOST,REAL,IDX2015,A,2009,75.72993338,
COL,HOUSECOST,REAL,IDX2015,A,2010,79.53731658,
COL,HOUSECOST,REAL,IDX2015,A,2011,81.38579321,
COL,HOUSECOST,REAL,IDX2015,A,2012,86.66905255,
COL,HOUSECOST,REAL,IDX2015,A,2013,92.94242081,
COL,HOUSECOST,REAL,IDX2015,A,2014,97.21005992,
COL,HOUSECOST,REAL,IDX2015,A,2015,100,
COL,HOUSECOST,REAL,IDX2015,A,2016,104.7125094,
COL,HOUSECOST,REAL,IDX2015,A,2017,108.0691117,
COL,HOUSECOST,REAL,IDX2015,A,2018,111.7575636,
EST,HOUSECOST,REAL,IDX2015,A,2005,83.90347506,
EST,HOUSECOST,REAL,IDX2015,A,2006,118.9909965,
EST,HOUSECOST,REAL,IDX2015,A,2007,133.3732909,
EST,HOUSECOST,REAL,IDX2015,A,2008,111.7440896,
EST,HOUSECOST,REAL,IDX2015,A,2009,71.10348265,
EST,HOUSECOST,REAL,IDX2015,A,2010,72.02592745,
EST,HOUSECOST,REAL,IDX2015,A,2011,74.42233617,
EST,HOUSECOST,REAL,IDX2015,A,2012,76.83037771,
EST,HOUSECOST,REAL,IDX2015,A,2013,82.49033161,
EST,HOUSECOST,REAL,IDX2015,A,2014,93.21245728,
EST,HOUSECOST,REAL,IDX2015,A,2015,100,
EST,HOUSECOST,REAL,IDX2015,A,2016,103.7321235,
EST,HOUSECOST,REAL,IDX2015,A,2017,105.6750183,
EST,HOUSECOST,REAL,IDX2015,A,2018,108.0502618,
EST,HOUSECOST,REAL,IDX2015,A,2019,112.9498064,
IND,HOUSECOST,REAL,IDX2015,A,2010,62.90126664,
IND,HOUSECOST,REAL,IDX2015,A,2011,69.34298915,
IND,HOUSECOST,REAL,IDX2015,A,2012,79.37882642,
IND,HOUSECOST,REAL,IDX2015,A,2013,84.40670651,
IND,HOUSECOST,REAL,IDX2015,A,2014,91.27063855,
IND,HOUSECOST,REAL,IDX2015,A,2015,100,
IND,HOUSECOST,REAL,IDX2015,A,2016,102.5328621,
IND,HOUSECOST,REAL,IDX2015,A,2017,107.6120815,
IND,HOUSECOST,REAL,IDX2015,A,2018,109.1550979,
IND,HOUSECOST,REAL,IDX2015,A,2019,109.2997702,
IDN,HOUSECOST,REAL,IDX2015,A,2002,156.2503968,
IDN,HOUSECOST,REAL,IDX2015,A,2003,154.2273869,
IDN,HOUSECOST,REAL,IDX2015,A,2004,150.6457443,
IDN,HOUSECOST,REAL,IDX2015,A,2005,140.2427474,
IDN,HOUSECOST,REAL,IDX2015,A,2006,129.7613602,
IDN,HOUSECOST,REAL,IDX2015,A,2007,116.1561544,
IDN,HOUSECOST,REAL,IDX2015,A,2008,104.7865785,
IDN,HOUSECOST,REAL,IDX2015,A,2009,100.6600306,
IDN,HOUSECOST,REAL,IDX2015,A,2010,96.16460557,
IDN,HOUSECOST,REAL,IDX2015,A,2011,93.94411477,
IDN,HOUSECOST,REAL,IDX2015,A,2012,92.49752613,
IDN,HOUSECOST,REAL,IDX2015,A,2013,97.90046457,
IDN,HOUSECOST,REAL,IDX2015,A,2014,99.08635801,
IDN,HOUSECOST,REAL,IDX2015,A,2015,100,
IDN,HOUSECOST,REAL,IDX2015,A,2016,100.0603962,
IDN,HOUSECOST,REAL,IDX2015,A,2017,99.83586104,
IDN,HOUSECOST,REAL,IDX2015,A,2018,99.79008235,
IDN,HOUSECOST,REAL,IDX2015,A,2019,98.51436004,
ISR,HOUSECOST,REAL,IDX2015,A,2000,69.16019402,
ISR,HOUSECOST,REAL,IDX2015,A,2001,66.32449121,
ISR,HOUSECOST,REAL,IDX2015,A,2002,66.92332436,
ISR,HOUSECOST,REAL,IDX2015,A,2003,62.87353936,
ISR,HOUSECOST,REAL,IDX2015,A,2004,62.09389988,
ISR,HOUSECOST,REAL,IDX2015,A,2005,61.25463493,
ISR,HOUSECOST,REAL,IDX2015,A,2006,60.11984044,
ISR,HOUSECOST,REAL,IDX2015,A,2007,58.42353996,
ISR,HOUSECOST,REAL,IDX2015,A,2008,59.58528336,
ISR,HOUSECOST,REAL,IDX2015,A,2009,66.48646514,
ISR,HOUSECOST,REAL,IDX2015,A,2010,76.0147933,
ISR,HOUSECOST,REAL,IDX2015,A,2011,81.49249573,
ISR,HOUSECOST,REAL,IDX2015,A,2012,82.67098613,
ISR,HOUSECOST,REAL,IDX2015,A,2013,88.82818977,
ISR,HOUSECOST,REAL,IDX2015,A,2014,94.08162807,
ISR,HOUSECOST,REAL,IDX2015,A,2015,100,
ISR,HOUSECOST,REAL,IDX2015,A,2016,108.1149102,
ISR,HOUSECOST,REAL,IDX2015,A,2017,112.0041979,
ISR,HOUSECOST,REAL,IDX2015,A,2018,109.8242196,
ISR,HOUSECOST,REAL,IDX2015,A,2019,110.908859,
LVA,HOUSECOST,REAL,IDX2015,A,2006,137.1348756,
LVA,HOUSECOST,REAL,IDX2015,A,2007,167.2716556,
LVA,HOUSECOST,REAL,IDX2015,A,2008,149.5317192,
LVA,HOUSECOST,REAL,IDX2015,A,2009,97.10457139,
LVA,HOUSECOST,REAL,IDX2015,A,2010,88.67294483,
LVA,HOUSECOST,REAL,IDX2015,A,2011,92.27688923,
LVA,HOUSECOST,REAL,IDX2015,A,2012,92.01875997,
LVA,HOUSECOST,REAL,IDX2015,A,2013,98.23761743,
LVA,HOUSECOST,REAL,IDX2015,A,2014,102.4007065,
LVA,HOUSECOST,REAL,IDX2015,A,2015,100,
LVA,HOUSECOST,REAL,IDX2015,A,2016,107.3448125,
LVA,HOUSECOST,REAL,IDX2015,A,2017,113.3305205,
LVA,HOUSECOST,REAL,IDX2015,A,2018,120.8272567,
LVA,HOUSECOST,REAL,IDX2015,A,2019,128.0842308,
LTU,HOUSECOST,REAL,IDX2015,A,2006,125.7981006,
LTU,HOUSECOST,REAL,IDX2015,A,2007,150.1973672,
LTU,HOUSECOST,REAL,IDX2015,A,2008,147.5945182,
LTU,HOUSECOST,REAL,IDX2015,A,2009,99.06388094,
LTU,HOUSECOST,REAL,IDX2015,A,2010,90.58862494,
LTU,HOUSECOST,REAL,IDX2015,A,2011,92.52418014,
LTU,HOUSECOST,REAL,IDX2015,A,2012,89.48081561,
LTU,HOUSECOST,REAL,IDX2015,A,2013,89.77160807,
LTU,HOUSECOST,REAL,IDX2015,A,2014,95.52756377,
LTU,HOUSECOST,REAL,IDX2015,A,2015,100,
LTU,HOUSECOST,REAL,IDX2015,A,2016,104.4023724,
LTU,HOUSECOST,REAL,IDX2015,A,2017,109.8294222,
LTU,HOUSECOST,REAL,IDX2015,A,2018,114.8583539,
LTU,HOUSECOST,REAL,IDX2015,A,2019,120.3541329,
RUS,HOUSECOST,REAL,IDX2015,A,2001,54.6533849,
RUS,HOUSECOST,REAL,IDX2015,A,2002,62.58885528,
RUS,HOUSECOST,REAL,IDX2015,A,2003,68.03755348,
RUS,HOUSECOST,REAL,IDX2015,A,2004,75.90863301,
RUS,HOUSECOST,REAL,IDX2015,A,2005,83.22751881,
RUS,HOUSECOST,REAL,IDX2015,A,2006,113.2882329,
RUS,HOUSECOST,REAL,IDX2015,A,2007,151.5943436,
RUS,HOUSECOST,REAL,IDX2015,A,2008,168.3461637,
RUS,HOUSECOST,REAL,IDX2015,A,2009,151.4201444,
RUS,HOUSECOST,REAL,IDX2015,A,2010,153.6748478,
RUS,HOUSECOST,REAL,IDX2015,A,2011,112.7497513,
RUS,HOUSECOST,REAL,IDX2015,A,2012,120.547568,
RUS,HOUSECOST,REAL,IDX2015,A,2013,118.7886991,
RUS,HOUSECOST,REAL,IDX2015,A,2014,112.2969899,
RUS,HOUSECOST,REAL,IDX2015,A,2015,100,
RUS,HOUSECOST,REAL,IDX2015,A,2016,88.5775822,
RUS,HOUSECOST,REAL,IDX2015,A,2017,83.06325569,
RUS,HOUSECOST,REAL,IDX2015,A,2018,82.46010509,
RUS,HOUSECOST,REAL,IDX2015,A,2019,84.59734122,
SVN,HOUSECOST,REAL,IDX2015,A,2007,136.6281433,
SVN,HOUSECOST,REAL,IDX2015,A,2008,138.4614888,
SVN,HOUSECOST,REAL,IDX2015,A,2009,124.2941414,
SVN,HOUSECOST,REAL,IDX2015,A,2010,122.66428,
SVN,HOUSECOST,REAL,IDX2015,A,2011,123.794639,
SVN,HOUSECOST,REAL,IDX2015,A,2012,113.3237391,
SVN,HOUSECOST,REAL,IDX2015,A,2013,105.1379527,
SVN,HOUSECOST,REAL,IDX2015,A,2014,98.60803155,
SVN,HOUSECOST,REAL,IDX2015,A,2015,100,
SVN,HOUSECOST,REAL,IDX2015,A,2016,103.9179987,
SVN,HOUSECOST,REAL,IDX2015,A,2017,110.3253286,
SVN,HOUSECOST,REAL,IDX2015,A,2018,118.3665295,
SVN,HOUSECOST,REAL,IDX2015,A,2019,124.2969295,
ZAF,HOUSECOST,REAL,IDX2015,A,2000,51.28375383,
ZAF,HOUSECOST,REAL,IDX2015,A,2001,54.29284253,
ZAF,HOUSECOST,REAL,IDX2015,A,2002,56.44568784,
ZAF,HOUSECOST,REAL,IDX2015,A,2003,63.8310544,
ZAF,HOUSECOST,REAL,IDX2015,A,2004,79.7254251,
ZAF,HOUSECOST,REAL,IDX2015,A,2005,97.93495066,
ZAF,HOUSECOST,REAL,IDX2015,A,2006,111.0162504,
ZAF,HOUSECOST,REAL,IDX2015,A,2007,118.6982236,
ZAF,HOUSECOST,REAL,IDX2015,A,2008,108.6820233,
ZAF,HOUSECOST,REAL,IDX2015,A,2009,99.09631446,
ZAF,HOUSECOST,REAL,IDX2015,A,2010,98.89633256,
ZAF,HOUSECOST,REAL,IDX2015,A,2011,96.61497324,
ZAF,HOUSECOST,REAL,IDX2015,A,2012,95.62536024,
ZAF,HOUSECOST,REAL,IDX2015,A,2013,96.01718117,
ZAF,HOUSECOST,REAL,IDX2015,A,2014,97.9599982,
ZAF,HOUSECOST,REAL,IDX2015,A,2015,100,
ZAF,HOUSECOST,REAL,IDX2015,A,2016,99.46784778,
ZAF,HOUSECOST,REAL,IDX2015,A,2017,99.24141189,
ZAF,HOUSECOST,REAL,IDX2015,A,2018,98.95816324,
ZAF,HOUSECOST,REAL,IDX2015,A,2019,98.88282764,
EA,HOUSECOST,REAL,IDX2015,A,2000,86.64396662,
EA,HOUSECOST,REAL,IDX2015,A,2001,88.78010485,
EA,HOUSECOST,REAL,IDX2015,A,2002,92.76635693,
EA,HOUSECOST,REAL,IDX2015,A,2003,96.0915189,
EA,HOUSECOST,REAL,IDX2015,A,2004,100.3789782,
EA,HOUSECOST,REAL,IDX2015,A,2005,105.2990382,
EA,HOUSECOST,REAL,IDX2015,A,2006,110.1870177,
EA,HOUSECOST,REAL,IDX2015,A,2007,112.6052743,
EA,HOUSECOST,REAL,IDX2015,A,2008,111.0264357,
EA,HOUSECOST,REAL,IDX2015,A,2009,108.156645,
EA,HOUSECOST,REAL,IDX2015,A,2010,107.4703083,
EA,HOUSECOST,REAL,IDX2015,A,2011,106.3166096,
EA,HOUSECOST,REAL,IDX2015,A,2012,102.1990114,
EA,HOUSECOST,REAL,IDX2015,A,2013,98.98871934,
EA,HOUSECOST,REAL,IDX2015,A,2014,98.75838236,
EA,HOUSECOST,REAL,IDX2015,A,2015,100,
EA,HOUSECOST,REAL,IDX2015,A,2016,103.5631151,
EA,HOUSECOST,REAL,IDX2015,A,2017,106.6601912,
EA,HOUSECOST,REAL,IDX2015,A,2018,110.1548158,
EA,HOUSECOST,REAL,IDX2015,A,2019,113.3890704,
EA17,HOUSECOST,REAL,IDX2015,A,2000,84.7596868,
EA17,HOUSECOST,REAL,IDX2015,A,2001,87.49759829,
EA17,HOUSECOST,REAL,IDX2015,A,2002,91.23803241,
EA17,HOUSECOST,REAL,IDX2015,A,2003,96.10436017,
EA17,HOUSECOST,REAL,IDX2015,A,2004,101.1037067,
EA17,HOUSECOST,REAL,IDX2015,A,2005,107.126809,
EA17,HOUSECOST,REAL,IDX2015,A,2006,111.9181989,
EA17,HOUSECOST,REAL,IDX2015,A,2007,114.2418221,
EA17,HOUSECOST,REAL,IDX2015,A,2008,112.1746935,
EA17,HOUSECOST,REAL,IDX2015,A,2009,108.5404918,
EA17,HOUSECOST,REAL,IDX2015,A,2010,107.8392881,
EA17,HOUSECOST,REAL,IDX2015,A,2011,106.6889137,
EA17,HOUSECOST,REAL,IDX2015,A,2012,102.4658565,
EA17,HOUSECOST,REAL,IDX2015,A,2013,99.17014817,
EA17,HOUSECOST,REAL,IDX2015,A,2014,98.86137406,
EA17,HOUSECOST,REAL,IDX2015,A,2015,100,
EA17,HOUSECOST,REAL,IDX2015,A,2016,103.5381038,
EA17,HOUSECOST,REAL,IDX2015,A,2017,106.5628033,
EA17,HOUSECOST,REAL,IDX2015,A,2018,110.0320418,
EA17,HOUSECOST,REAL,IDX2015,A,2019,113.2109937,
OECD,HOUSECOST,REAL,IDX2015,A,2000,82.20485113,
OECD,HOUSECOST,REAL,IDX2015,A,2001,84.81510576,
OECD,HOUSECOST,REAL,IDX2015,A,2002,88.94908122,
OECD,HOUSECOST,REAL,IDX2015,A,2003,93.11558455,
OECD,HOUSECOST,REAL,IDX2015,A,2004,97.32285174,
OECD,HOUSECOST,REAL,IDX2015,A,2005,101.9180322,
OECD,HOUSECOST,REAL,IDX2015,A,2006,105.3321197,
OECD,HOUSECOST,REAL,IDX2015,A,2007,106.4805984,
OECD,HOUSECOST,REAL,IDX2015,A,2008,101.3252887,
OECD,HOUSECOST,REAL,IDX2015,A,2009,97.17066211,
OECD,HOUSECOST,REAL,IDX2015,A,2010,96.37164506,
OECD,HOUSECOST,REAL,IDX2015,A,2011,93.73424804,
OECD,HOUSECOST,REAL,IDX2015,A,2012,92.82651553,
OECD,HOUSECOST,REAL,IDX2015,A,2013,94.34162815,
OECD,HOUSECOST,REAL,IDX2015,A,2014,96.31052376,
OECD,HOUSECOST,REAL,IDX2015,A,2015,100,
OECD,HOUSECOST,REAL,IDX2015,A,2016,104.2271984,
OECD,HOUSECOST,REAL,IDX2015,A,2017,107.9546592,
OECD,HOUSECOST,REAL,IDX2015,A,2018,110.8379368,
OECD,HOUSECOST,REAL,IDX2015,A,2019,113.2258851,
BGR,HOUSECOST,REAL,IDX2015,A,2005,103.5358682,
BGR,HOUSECOST,REAL,IDX2015,A,2006,116.1975529,
BGR,HOUSECOST,REAL,IDX2015,A,2007,137.4960584,
BGR,HOUSECOST,REAL,IDX2015,A,2008,161.735611,
BGR,HOUSECOST,REAL,IDX2015,A,2009,127.6988155,
BGR,HOUSECOST,REAL,IDX2015,A,2010,112.0554346,
BGR,HOUSECOST,REAL,IDX2015,A,2011,102.4014889,
BGR,HOUSECOST,REAL,IDX2015,A,2012,97.00566306,
BGR,HOUSECOST,REAL,IDX2015,A,2013,97.38867309,
BGR,HOUSECOST,REAL,IDX2015,A,2014,98.82386132,
BGR,HOUSECOST,REAL,IDX2015,A,2015,100,
BGR,HOUSECOST,REAL,IDX2015,A,2016,106.5654599,
BGR,HOUSECOST,REAL,IDX2015,A,2017,112.2539758,
BGR,HOUSECOST,REAL,IDX2015,A,2018,117.2770443,
BGR,HOUSECOST,REAL,IDX2015,A,2019,121.9413707,
ROU,HOUSECOST,REAL,IDX2015,A,2009,155.621102,
ROU,HOUSECOST,REAL,IDX2015,A,2010,136.0758117,
ROU,HOUSECOST,REAL,IDX2015,A,2011,114.7887119,
ROU,HOUSECOST,REAL,IDX2015,A,2012,104.2830338,
ROU,HOUSECOST,REAL,IDX2015,A,2013,101.3783475,
ROU,HOUSECOST,REAL,IDX2015,A,2014,98.16218667,
ROU,HOUSECOST,REAL,IDX2015,A,2015,100,
ROU,HOUSECOST,REAL,IDX2015,A,2016,105.1737209,
ROU,HOUSECOST,REAL,IDX2015,A,2017,108.628482,
ROU,HOUSECOST,REAL,IDX2015,A,2018,110.044648,
ROU,HOUSECOST,REAL,IDX2015,A,2019,108.1517233,
